filename,label
segment_0000_0001.jpg,vehicle
segment_0001_0001.jpg,vehicle
segment_0002_0001.jpg,normal
segment_0003_0001.jpg,normal
segment_0004_0001.jpg,normal
segment_0005_0001.jpg,normal
segment_0006_0001.jpg,vehicle
segment_0007_0001.jpg,vehicle
segment_0008_0001.jpg,bad_guy
segment_0009_0001.jpg,vehicle
segment_0010_0001.jpg,normal
segment_0011_0001.jpg,bad_guy
segment_0012_0001.jpg,normal
segment_0013_0001.jpg,vehicle
segment_0014_0001.jpg,normal
segment_0015_0001.jpg,bad_guy
segment_0016_0001.jpg,normal
segment_0017_0001.jpg,normal
segment_0018_0001.jpg,bad_guy
segment_0019_0001.jpg,normal
segment_0020_0001.jpg,vehicle
segment_0021_0001.jpg,vehicle
segment_0022_0001.jpg,bad_guy
segment_0023_0001.jpg,vehicle
segment_0024_0001.jpg,vehicle
segment_0025_0001.jpg,vehicle
segment_0026_0001.jpg,vehicle
segment_0027_0001.jpg,normal
segment_0028_0001.jpg,bad_guy
segment_0029_0001.jpg,normal
segment_0030_0001.jpg,normal
segment_0031_0001.jpg,vehicle
segment_0032_0001.jpg,bad_guy
segment_0033_0001.jpg,normal
segment_0034_0001.jpg,normal
segment_0035_0001.jpg,normal
segment_0036_0001.jpg,normal
segment_0037_0001.jpg,vehicle
segment_0038_0001.jpg,normal
segment_0039_0001.jpg,normal
segment_0040_0001.jpg,normal
segment_0041_0001.jpg,normal
segment_0042_0001.jpg,bad_guy
segment_0043_0001.jpg,normal
segment_0044_0001.jpg,normal
segment_0045_0001.jpg,normal
segment_0046_0001.jpg,normal
segment_0047_0001.jpg,bad_guy
segment_0048_0001.jpg,bad_guy
segment_0049_0001.jpg,normal
segment_0050_0001.jpg,bad_guy
segment_0051_0001.jpg,normal
segment_0052_0001.jpg,bad_guy
segment_0053_0001.jpg,normal
segment_0054_0001.jpg,normal
segment_0055_0001.jpg,normal
segment_0056_0001.jpg,normal
segment_0057_0001.jpg,normal
segment_0058_0001.jpg,normal
segment_0059_0001.jpg,vehicle
segment_0060_0001.jpg,vehicle
segment_0061_0001.jpg,bad_guy
segment_0062_0001.jpg,bad_guy
segment_0063_0001.jpg,normal
segment_0064_0001.jpg,normal
segment_0065_0001.jpg,bad_guy
segment_0066_0001.jpg,normal
segment_0067_0001.jpg,bad_guy
segment_0068_0001.jpg,normal
segment_0069_0001.jpg,normal
segment_0070_0001.jpg,bad_guy
segment_0071_0001.jpg,bad_guy
segment_0072_0001.jpg,normal
segment_0073_0001.jpg,normal
segment_0074_0001.jpg,normal
segment_0075_0001.jpg,normal
segment_0076_0001.jpg,normal
segment_0077_0001.jpg,normal
segment_0078_0001.jpg,normal
segment_0079_0001.jpg,normal
segment_0080_0001.jpg,bad_guy
segment_0081_0001.jpg,bad_guy
segment_0082_0001.jpg,bad_guy
segment_0083_0001.jpg,normal
segment_0084_0001.jpg,normal
segment_0085_0001.jpg,normal
segment_0086_0001.jpg,normal
segment_0087_0001.jpg,normal
segment_0088_0001.jpg,normal
segment_0089_0001.jpg,normal
segment_0090_0001.jpg,normal
segment_0091_0001.jpg,normal
segment_0092_0001.jpg,vehicle
segment_0093_0001.jpg,bad_guy
segment_0094_0001.jpg,normal
segment_0095_0001.jpg,normal
segment_0096_0001.jpg,normal
segment_0097_0001.jpg,normal
segment_0098_0001.jpg,normal
segment_0099_0001.jpg,bad_guy
segment_0100_0001.jpg,bad_guy
segment_0101_0001.jpg,normal
segment_0102_0001.jpg,normal
segment_0103_0001.jpg,normal
segment_0104_0001.jpg,normal
segment_0105_0001.jpg,normal
segment_0106_0001.jpg,bad_guy
segment_0107_0001.jpg,bad_guy
segment_0108_0001.jpg,normal
segment_0109_0001.jpg,normal
segment_0110_0001.jpg,normal
segment_0111_0001.jpg,bad_guy
segment_0112_0001.jpg,normal
segment_0113_0001.jpg,normal
segment_0114_0001.jpg,normal
segment_0115_0001.jpg,normal
segment_0116_0001.jpg,bad_guy
segment_0117_0001.jpg,bad_guy
segment_0118_0001.jpg,normal
segment_0119_0001.jpg,normal
segment_0120_0001.jpg,normal
segment_0121_0001.jpg,bad_guy
segment_0122_0001.jpg,normal
segment_0123_0001.jpg,normal
segment_0124_0001.jpg,normal
segment_0125_0001.jpg,bad_guy
segment_0126_0001.jpg,normal
segment_0127_0001.jpg,bad_guy
segment_0128_0001.jpg,normal
segment_0129_0001.jpg,normal
segment_0130_0001.jpg,bad_guy
segment_0131_0001.jpg,normal
segment_0132_0001.jpg,normal
segment_0133_0001.jpg,normal
segment_0134_0001.jpg,normal
segment_0135_0001.jpg,vehicle
segment_0136_0001.jpg,vehicle
segment_0137_0001.jpg,vehicle
segment_0138_0001.jpg,vehicle
segment_0139_0001.jpg,vehicle
segment_0140_0001.jpg,vehicle
segment_0141_0001.jpg,normal
segment_0142_0001.jpg,normal
segment_0143_0001.jpg,normal
segment_0144_0001.jpg,normal
segment_0145_0001.jpg,normal
segment_0146_0001.jpg,normal
segment_0147_0001.jpg,normal
segment_0148_0001.jpg,normal
segment_0149_0001.jpg,normal
segment_0150_0001.jpg,normal
segment_0151_0001.jpg,normal
segment_0152_0001.jpg,normal
segment_0153_0001.jpg,vehicle
segment_0154_0001.jpg,bad_guy
segment_0155_0001.jpg,vehicle
segment_0156_0001.jpg,vehicle
segment_0157_0001.jpg,vehicle
segment_0158_0001.jpg,normal
segment_0159_0001.jpg,vehicle
segment_0160_0001.jpg,bad_guy
segment_0161_0001.jpg,vehicle
segment_0162_0001.jpg,vehicle
segment_0163_0001.jpg,vehicle
segment_0164_0001.jpg,vehicle
segment_0165_0001.jpg,normal
segment_0166_0001.jpg,normal
segment_0167_0001.jpg,normal
segment_0168_0001.jpg,bad_guy
segment_0169_0001.jpg,normal
segment_0170_0001.jpg,normal
segment_0171_0001.jpg,normal
segment_0172_0001.jpg,normal
segment_0173_0001.jpg,normal
segment_0174_0001.jpg,normal
segment_0175_0001.jpg,vehicle
segment_0176_0001.jpg,normal
segment_0177_0001.jpg,bad_guy
segment_0178_0001.jpg,vehicle
segment_0179_0001.jpg,vehicle
segment_0180_0001.jpg,vehicle
segment_0181_0001.jpg,normal
segment_0182_0001.jpg,vehicle
segment_0183_0001.jpg,vehicle
segment_0184_0001.jpg,vehicle
segment_0185_0001.jpg,bad_guy
segment_0186_0001.jpg,normal
segment_0187_0001.jpg,normal
segment_0188_0001.jpg,normal
segment_0189_0001.jpg,normal
segment_0190_0001.jpg,normal
segment_0191_0001.jpg,normal
segment_0192_0001.jpg,normal
segment_0193_0001.jpg,normal
segment_0194_0001.jpg,vehicle
segment_0195_0001.jpg,vehicle
segment_0196_0001.jpg,vehicle
segment_0197_0001.jpg,vehicle
segment_0198_0001.jpg,vehicle
segment_0199_0001.jpg,vehicle
segment_0200_0001.jpg,normal
segment_0201_0001.jpg,vehicle
segment_0202_0001.jpg,vehicle
segment_0203_0001.jpg,vehicle
segment_0204_0001.jpg,vehicle
segment_0205_0001.jpg,vehicle
segment_0206_0001.jpg,normal
segment_0207_0001.jpg,normal
segment_0208_0001.jpg,normal
segment_0209_0001.jpg,normal
segment_0210_0001.jpg,vehicle
segment_0211_0001.jpg,vehicle
segment_0212_0001.jpg,vehicle
segment_0213_0001.jpg,bad_guy
segment_0214_0001.jpg,vehicle
segment_0215_0001.jpg,normal
segment_0216_0001.jpg,normal
segment_0217_0001.jpg,normal
segment_0218_0001.jpg,normal
segment_0219_0001.jpg,vehicle
segment_0220_0001.jpg,vehicle
segment_0221_0001.jpg,vehicle
segment_0222_0001.jpg,normal
segment_0223_0001.jpg,normal
segment_0224_0001.jpg,normal
segment_0225_0001.jpg,normal
segment_0226_0001.jpg,normal
segment_0227_0001.jpg,normal
segment_0228_0001.jpg,bad_guy
segment_0229_0001.jpg,normal
segment_0230_0001.jpg,normal
segment_0231_0001.jpg,bad_guy
segment_0232_0001.jpg,bad_guy
segment_0233_0001.jpg,bad_guy
segment_0234_0001.jpg,bad_guy
segment_0235_0001.jpg,normal
segment_0236_0001.jpg,normal
segment_0237_0001.jpg,normal
segment_0238_0001.jpg,normal
segment_0239_0001.jpg,bad_guy
segment_0240_0001.jpg,normal
segment_0241_0001.jpg,bad_guy
segment_0242_0001.jpg,normal
segment_0243_0001.jpg,normal
segment_0244_0001.jpg,bad_guy
segment_0245_0001.jpg,vehicle
segment_0246_0001.jpg,normal
segment_0247_0001.jpg,normal
segment_0248_0001.jpg,normal
segment_0249_0001.jpg,normal
segment_0250_0001.jpg,normal
segment_0251_0001.jpg,bad_guy
segment_0252_0001.jpg,normal
segment_0253_0001.jpg,bad_guy
segment_0254_0001.jpg,bad_guy
segment_0255_0001.jpg,bad_guy
segment_0256_0001.jpg,normal
segment_0257_0001.jpg,vehicle
segment_0258_0001.jpg,vehicle
segment_0259_0001.jpg,bad_guy
segment_0260_0001.jpg,normal
segment_0261_0001.jpg,normal
segment_0262_0001.jpg,bad_guy
segment_0263_0001.jpg,bad_guy
segment_0264_0001.jpg,normal
segment_0265_0001.jpg,normal
segment_0266_0001.jpg,bad_guy
segment_0267_0001.jpg,normal
segment_0268_0001.jpg,normal
segment_0269_0001.jpg,bad_guy
segment_0270_0001.jpg,normal
segment_0271_0001.jpg,bad_guy
segment_0272_0001.jpg,normal
segment_0273_0001.jpg,normal
segment_0274_0001.jpg,normal
segment_0275_0001.jpg,normal
segment_0276_0001.jpg,normal
segment_0277_0001.jpg,normal
segment_0278_0001.jpg,normal
segment_0279_0001.jpg,normal
segment_0280_0001.jpg,normal
segment_0281_0001.jpg,bad_guy
segment_0282_0001.jpg,bad_guy
segment_0283_0001.jpg,bad_guy
segment_0284_0001.jpg,bad_guy
segment_0285_0001.jpg,bad_guy
segment_0286_0001.jpg,bad_guy
segment_0287_0001.jpg,bad_guy
segment_0288_0001.jpg,normal
segment_0289_0001.jpg,normal
segment_0290_0001.jpg,normal
segment_0291_0001.jpg,normal
segment_0292_0001.jpg,normal
segment_0293_0001.jpg,normal
segment_0294_0001.jpg,normal
segment_0295_0001.jpg,normal
segment_0296_0001.jpg,normal
segment_0297_0001.jpg,normal
segment_0298_0001.jpg,bad_guy
segment_0299_0001.jpg,normal
segment_0300_0001.jpg,normal
segment_0301_0001.jpg,bad_guy
segment_0302_0001.jpg,bad_guy
segment_0303_0001.jpg,bad_guy
segment_0304_0001.jpg,normal
segment_0305_0001.jpg,bad_guy
segment_0306_0001.jpg,normal
segment_0307_0001.jpg,normal
segment_0308_0001.jpg,normal
segment_0309_0001.jpg,normal
segment_0310_0001.jpg,normal
segment_0311_0001.jpg,normal
segment_0312_0001.jpg,normal
segment_0313_0001.jpg,normal
segment_0314_0001.jpg,normal
segment_0315_0001.jpg,normal
segment_0316_0001.jpg,bad_guy
segment_0317_0001.jpg,normal
segment_0318_0001.jpg,normal
segment_0319_0001.jpg,normal
segment_0320_0001.jpg,normal
segment_0321_0001.jpg,normal
segment_0322_0001.jpg,normal
segment_0323_0001.jpg,normal
segment_0324_0001.jpg,normal
segment_0325_0001.jpg,normal
segment_0326_0001.jpg,bad_guy
segment_0327_0001.jpg,bad_guy
segment_0328_0001.jpg,normal
segment_0329_0001.jpg,bad_guy
segment_0330_0001.jpg,normal
segment_0331_0001.jpg,normal
segment_0332_0001.jpg,normal
segment_0333_0001.jpg,normal
segment_0334_0001.jpg,normal
segment_0335_0001.jpg,bad_guy
segment_0336_0001.jpg,normal
segment_0337_0001.jpg,bad_guy
segment_0338_0001.jpg,bad_guy
segment_0339_0001.jpg,normal
segment_0340_0001.jpg,normal
segment_0341_0001.jpg,normal
segment_0342_0001.jpg,bad_guy
segment_0343_0001.jpg,normal
segment_0344_0001.jpg,normal
segment_0345_0001.jpg,bad_guy
segment_0346_0001.jpg,normal
segment_0347_0001.jpg,bad_guy
segment_0348_0001.jpg,normal
segment_0349_0001.jpg,normal
segment_0350_0001.jpg,normal
segment_0351_0001.jpg,normal
segment_0352_0001.jpg,normal
segment_0353_0001.jpg,normal
segment_0354_0001.jpg,normal
segment_0355_0001.jpg,normal
segment_0356_0001.jpg,normal
segment_0357_0001.jpg,normal
segment_0358_0001.jpg,normal
segment_0359_0001.jpg,normal
segment_0360_0001.jpg,normal
segment_0361_0001.jpg,normal
segment_0362_0001.jpg,normal
segment_0363_0001.jpg,normal
segment_0364_0001.jpg,normal
segment_0365_0001.jpg,normal
segment_0366_0001.jpg,normal
segment_0367_0001.jpg,normal
segment_0368_0001.jpg,normal
segment_0369_0001.jpg,normal
segment_0370_0001.jpg,normal
segment_0371_0001.jpg,normal
segment_0372_0001.jpg,normal
segment_0373_0001.jpg,normal
segment_0374_0001.jpg,normal
segment_0375_0001.jpg,normal
segment_0376_0001.jpg,normal
segment_0377_0001.jpg,normal
segment_0378_0001.jpg,normal
segment_0379_0001.jpg,normal
segment_0380_0001.jpg,normal
segment_0381_0001.jpg,normal
segment_0382_0001.jpg,normal
segment_0383_0001.jpg,normal
segment_0384_0001.jpg,normal
segment_0385_0001.jpg,normal
segment_0386_0001.jpg,bad_guy
segment_0387_0001.jpg,normal
segment_0388_0001.jpg,normal
segment_0389_0001.jpg,normal
segment_0390_0001.jpg,normal
segment_0391_0001.jpg,normal
segment_0392_0001.jpg,normal
segment_0393_0001.jpg,normal
segment_0394_0001.jpg,normal
segment_0395_0001.jpg,normal
segment_0396_0001.jpg,normal
segment_0397_0001.jpg,normal
segment_0398_0001.jpg,normal
segment_0399_0001.jpg,normal
segment_0400_0001.jpg,normal
segment_0401_0001.jpg,normal
segment_0402_0001.jpg,normal
segment_0403_0001.jpg,normal
segment_0404_0001.jpg,normal
segment_0405_0001.jpg,normal
segment_0406_0001.jpg,vehicle
segment_0407_0001.jpg,normal
segment_0408_0001.jpg,normal
segment_0409_0001.jpg,normal
segment_0410_0001.jpg,normal
segment_0411_0001.jpg,normal
segment_0412_0001.jpg,normal
segment_0413_0001.jpg,normal
segment_0414_0001.jpg,bad_guy
segment_0415_0001.jpg,bad_guy
segment_0416_0001.jpg,bad_guy
segment_0417_0001.jpg,bad_guy
segment_0418_0001.jpg,bad_guy
segment_0419_0001.jpg,bad_guy
segment_0420_0001.jpg,bad_guy
segment_0421_0001.jpg,normal
segment_0422_0001.jpg,normal
segment_0423_0001.jpg,normal
segment_0424_0001.jpg,normal
segment_0425_0001.jpg,normal
segment_0426_0001.jpg,normal
segment_0427_0001.jpg,normal
segment_0428_0001.jpg,bad_guy
segment_0429_0001.jpg,bad_guy
segment_0430_0001.jpg,bad_guy
segment_0431_0001.jpg,bad_guy
segment_0432_0001.jpg,normal
segment_0433_0001.jpg,bad_guy
segment_0434_0001.jpg,normal
segment_0435_0001.jpg,bad_guy
segment_0436_0001.jpg,bad_guy
segment_0437_0001.jpg,normal
segment_0438_0001.jpg,normal
segment_0439_0001.jpg,normal
segment_0440_0001.jpg,vehicle
segment_0441_0001.jpg,normal
segment_0442_0001.jpg,bad_guy
segment_0443_0001.jpg,bad_guy
segment_0444_0001.jpg,normal
segment_0445_0001.jpg,normal
segment_0446_0001.jpg,normal
segment_0447_0001.jpg,normal
segment_0448_0001.jpg,normal
segment_0449_0001.jpg,normal
segment_0450_0001.jpg,normal
segment_0451_0001.jpg,bad_guy
segment_0452_0001.jpg,bad_guy
segment_0453_0001.jpg,normal
segment_0454_0001.jpg,bad_guy
segment_0455_0001.jpg,normal
segment_0456_0001.jpg,bad_guy
segment_0457_0001.jpg,bad_guy
segment_0458_0001.jpg,normal
segment_0459_0001.jpg,normal
segment_0460_0001.jpg,normal
segment_0461_0001.jpg,normal
segment_0462_0001.jpg,normal
segment_0463_0001.jpg,normal
segment_0464_0001.jpg,normal
segment_0465_0001.jpg,normal
segment_0466_0001.jpg,normal
segment_0467_0001.jpg,normal
segment_0468_0001.jpg,bad_guy
segment_0469_0001.jpg,normal
segment_0470_0001.jpg,normal
segment_0471_0001.jpg,normal
segment_0472_0001.jpg,normal
segment_0473_0001.jpg,normal
segment_0474_0001.jpg,bad_guy
segment_0475_0001.jpg,normal
segment_0476_0001.jpg,bad_guy
segment_0477_0001.jpg,normal
segment_0478_0001.jpg,bad_guy
segment_0479_0001.jpg,normal
segment_0480_0001.jpg,normal
segment_0481_0001.jpg,normal
segment_0482_0001.jpg,normal
segment_0483_0001.jpg,normal
segment_0484_0001.jpg,bad_guy
segment_0485_0001.jpg,normal
segment_0486_0001.jpg,normal
segment_0487_0001.jpg,bad_guy
segment_0488_0001.jpg,bad_guy
segment_0489_0001.jpg,bad_guy
segment_0490_0001.jpg,normal
segment_0491_0001.jpg,normal
segment_0492_0001.jpg,normal
segment_0493_0001.jpg,normal
segment_0494_0001.jpg,normal
segment_0495_0001.jpg,normal
segment_0496_0001.jpg,bad_guy
segment_0497_0001.jpg,bad_guy
segment_0498_0001.jpg,bad_guy
segment_0499_0001.jpg,normal
segment_0500_0001.jpg,normal
segment_0501_0001.jpg,normal
segment_0502_0001.jpg,normal
segment_0503_0001.jpg,normal
segment_0504_0001.jpg,normal
segment_0505_0001.jpg,normal
segment_0506_0001.jpg,normal
segment_0507_0001.jpg,bad_guy
segment_0508_0001.jpg,bad_guy
segment_0509_0001.jpg,normal
segment_0510_0001.jpg,normal
segment_0511_0001.jpg,normal
segment_0512_0001.jpg,normal
segment_0513_0001.jpg,bad_guy
segment_0514_0001.jpg,bad_guy
segment_0515_0001.jpg,bad_guy
segment_0516_0001.jpg,bad_guy
segment_0517_0001.jpg,normal
segment_0518_0001.jpg,bad_guy
segment_0519_0001.jpg,bad_guy
segment_0520_0001.jpg,bad_guy
segment_0521_0001.jpg,normal
segment_0522_0001.jpg,bad_guy
segment_0523_0001.jpg,bad_guy
segment_0524_0001.jpg,normal
segment_0525_0001.jpg,normal
segment_0526_0001.jpg,normal
segment_0527_0001.jpg,bad_guy
segment_0528_0001.jpg,normal
segment_0529_0001.jpg,bad_guy
segment_0530_0001.jpg,bad_guy
segment_0531_0001.jpg,bad_guy
segment_0532_0001.jpg,normal
segment_0533_0001.jpg,normal
segment_0534_0001.jpg,normal
segment_0535_0001.jpg,normal
segment_0536_0001.jpg,bad_guy
segment_0537_0001.jpg,normal
segment_0538_0001.jpg,bad_guy
segment_0539_0001.jpg,bad_guy
segment_0540_0001.jpg,bad_guy
segment_0541_0001.jpg,bad_guy
segment_0542_0001.jpg,normal
segment_0543_0001.jpg,normal
segment_0544_0001.jpg,normal
segment_0545_0001.jpg,normal
segment_0546_0001.jpg,normal
segment_0547_0001.jpg,bad_guy
segment_0548_0001.jpg,bad_guy
segment_0549_0001.jpg,normal
segment_0550_0001.jpg,normal
segment_0551_0001.jpg,bad_guy
segment_0552_0001.jpg,bad_guy
segment_0553_0001.jpg,bad_guy
segment_0554_0001.jpg,normal
segment_0555_0001.jpg,bad_guy
segment_0556_0001.jpg,bad_guy
segment_0557_0001.jpg,normal
segment_0558_0001.jpg,normal
segment_0559_0001.jpg,normal
segment_0560_0001.jpg,bad_guy
segment_0561_0001.jpg,normal
segment_0562_0001.jpg,bad_guy
segment_0563_0001.jpg,bad_guy
segment_0564_0001.jpg,normal
segment_0565_0001.jpg,normal
segment_0566_0001.jpg,bad_guy
segment_0567_0001.jpg,bad_guy
segment_0568_0001.jpg,bad_guy
segment_0569_0001.jpg,bad_guy
segment_0570_0001.jpg,normal
segment_0571_0001.jpg,bad_guy
segment_0572_0001.jpg,normal
segment_0573_0001.jpg,bad_guy
segment_0574_0001.jpg,normal
segment_0575_0001.jpg,bad_guy
segment_0576_0001.jpg,bad_guy
segment_0577_0001.jpg,bad_guy
segment_0578_0001.jpg,bad_guy
segment_0579_0001.jpg,bad_guy
segment_0580_0001.jpg,normal
segment_0581_0001.jpg,normal
segment_0582_0001.jpg,normal
segment_0583_0001.jpg,normal
segment_0584_0001.jpg,normal
segment_0585_0001.jpg,normal
segment_0586_0001.jpg,normal
segment_0587_0001.jpg,normal
segment_0588_0001.jpg,normal
segment_0589_0001.jpg,normal
segment_0590_0001.jpg,bad_guy
segment_0591_0001.jpg,bad_guy
segment_0592_0001.jpg,normal
segment_0593_0001.jpg,normal
segment_0594_0001.jpg,bad_guy
segment_0595_0001.jpg,bad_guy
segment_0596_0001.jpg,normal
segment_0597_0001.jpg,normal
segment_0598_0001.jpg,normal
segment_0599_0001.jpg,normal
segment_0600_0001.jpg,normal
segment_0601_0001.jpg,normal
segment_0602_0001.jpg,bad_guy
segment_0603_0001.jpg,normal
segment_0604_0001.jpg,bad_guy
segment_0605_0001.jpg,bad_guy
segment_0606_0001.jpg,bad_guy
segment_0607_0001.jpg,normal
segment_0608_0001.jpg,normal
segment_0609_0001.jpg,normal
segment_0610_0001.jpg,normal
segment_0611_0001.jpg,bad_guy
segment_0612_0001.jpg,bad_guy
segment_0613_0001.jpg,bad_guy
segment_0614_0001.jpg,normal
segment_0615_0001.jpg,normal
segment_0616_0001.jpg,normal
segment_0617_0001.jpg,normal
segment_0618_0001.jpg,normal
segment_0619_0001.jpg,bad_guy
segment_0620_0001.jpg,bad_guy
segment_0621_0001.jpg,normal
segment_0622_0001.jpg,bad_guy
segment_0623_0001.jpg,normal
segment_0624_0001.jpg,bad_guy
segment_0625_0001.jpg,normal
segment_0626_0001.jpg,normal
segment_0627_0001.jpg,normal
segment_0628_0001.jpg,normal
segment_0629_0001.jpg,normal
segment_0630_0001.jpg,normal
segment_0631_0001.jpg,bad_guy
segment_0632_0001.jpg,normal
segment_0633_0001.jpg,bad_guy
segment_0634_0001.jpg,bad_guy
segment_0635_0001.jpg,bad_guy
segment_0636_0001.jpg,normal
segment_0637_0001.jpg,normal
segment_0638_0001.jpg,normal
segment_0639_0001.jpg,normal
segment_0640_0001.jpg,normal
segment_0641_0001.jpg,bad_guy
segment_0642_0001.jpg,normal
segment_0643_0001.jpg,normal
segment_0644_0001.jpg,bad_guy
segment_0645_0001.jpg,normal
segment_0646_0001.jpg,normal
segment_0647_0001.jpg,normal
segment_0648_0001.jpg,bad_guy
segment_0649_0001.jpg,normal
segment_0650_0001.jpg,bad_guy
segment_0651_0001.jpg,bad_guy
segment_0652_0001.jpg,bad_guy
segment_0653_0001.jpg,normal
segment_0654_0001.jpg,normal
segment_0655_0001.jpg,normal
segment_0656_0001.jpg,bad_guy
segment_0657_0001.jpg,bad_guy
segment_0658_0001.jpg,bad_guy
segment_0659_0001.jpg,normal
segment_0660_0001.jpg,normal
segment_0661_0001.jpg,normal
segment_0662_0001.jpg,normal
segment_0663_0001.jpg,normal
segment_0664_0001.jpg,normal
segment_0665_0001.jpg,normal
segment_0666_0001.jpg,bad_guy
segment_0667_0001.jpg,normal
segment_0668_0001.jpg,normal
segment_0669_0001.jpg,normal
segment_0670_0001.jpg,normal
segment_0671_0001.jpg,normal
segment_0672_0001.jpg,normal
segment_0673_0001.jpg,normal
segment_0674_0001.jpg,normal
segment_0675_0001.jpg,normal
segment_0676_0001.jpg,normal
segment_0677_0001.jpg,bad_guy
segment_0678_0001.jpg,bad_guy
segment_0679_0001.jpg,bad_guy
segment_0680_0001.jpg,normal
segment_0681_0001.jpg,bad_guy
segment_0682_0001.jpg,normal
segment_0683_0001.jpg,normal
segment_0684_0001.jpg,normal
segment_0685_0001.jpg,bad_guy
segment_0686_0001.jpg,bad_guy
segment_0687_0001.jpg,normal
segment_0688_0001.jpg,normal
segment_0689_0001.jpg,bad_guy
segment_0690_0001.jpg,bad_guy
segment_0691_0001.jpg,bad_guy
segment_0692_0001.jpg,bad_guy
segment_0693_0001.jpg,bad_guy
segment_0694_0001.jpg,normal
segment_0695_0001.jpg,normal
segment_0696_0001.jpg,normal
segment_0697_0001.jpg,normal
segment_0698_0001.jpg,normal
segment_0699_0001.jpg,normal
segment_0700_0001.jpg,normal
segment_0701_0001.jpg,normal
segment_0702_0001.jpg,normal
segment_0703_0001.jpg,normal
segment_0704_0001.jpg,normal
segment_0705_0001.jpg,normal
segment_0706_0001.jpg,normal
segment_0707_0001.jpg,normal
segment_0708_0001.jpg,normal
segment_0709_0001.jpg,normal
segment_0710_0001.jpg,normal
segment_0711_0001.jpg,normal
segment_0712_0001.jpg,normal
segment_0713_0001.jpg,normal
segment_0714_0001.jpg,normal
segment_0715_0001.jpg,normal
segment_0716_0001.jpg,bad_guy
segment_0717_0001.jpg,bad_guy
segment_0718_0001.jpg,bad_guy
segment_0719_0001.jpg,normal
segment_0720_0001.jpg,normal
segment_0721_0001.jpg,normal
segment_0722_0001.jpg,normal
segment_0723_0001.jpg,normal
segment_0724_0001.jpg,bad_guy
segment_0725_0001.jpg,bad_guy
segment_0726_0001.jpg,bad_guy
segment_0727_0001.jpg,bad_guy
segment_0728_0001.jpg,normal
segment_0729_0001.jpg,normal
segment_0730_0001.jpg,normal
segment_0731_0001.jpg,normal
segment_0732_0001.jpg,normal
segment_0733_0001.jpg,bad_guy
segment_0734_0001.jpg,normal
segment_0735_0001.jpg,normal
segment_0736_0001.jpg,normal
segment_0737_0001.jpg,normal
segment_0738_0001.jpg,normal
segment_0739_0001.jpg,bad_guy
segment_0740_0001.jpg,normal
segment_0741_0001.jpg,normal
segment_0742_0001.jpg,normal
segment_0743_0001.jpg,normal
segment_0744_0001.jpg,normal
segment_0745_0001.jpg,normal
segment_0746_0001.jpg,normal
segment_0747_0001.jpg,normal
segment_0748_0001.jpg,normal
segment_0749_0001.jpg,bad_guy
segment_0750_0001.jpg,bad_guy
segment_0751_0001.jpg,normal
segment_0752_0001.jpg,bad_guy
segment_0753_0001.jpg,bad_guy
segment_0754_0001.jpg,bad_guy
segment_0755_0001.jpg,bad_guy
segment_0756_0001.jpg,bad_guy
segment_0757_0001.jpg,normal
segment_0758_0001.jpg,normal
segment_0759_0001.jpg,normal
segment_0760_0001.jpg,bad_guy
segment_0761_0001.jpg,bad_guy
segment_0762_0001.jpg,bad_guy
segment_0763_0001.jpg,bad_guy
segment_0764_0001.jpg,bad_guy
segment_0765_0001.jpg,normal
segment_0766_0001.jpg,normal
segment_0767_0001.jpg,bad_guy
segment_0768_0001.jpg,bad_guy
segment_0769_0001.jpg,bad_guy
segment_0770_0001.jpg,normal
segment_0771_0001.jpg,bad_guy
segment_0772_0001.jpg,bad_guy
segment_0773_0001.jpg,bad_guy
segment_0774_0001.jpg,bad_guy
segment_0775_0001.jpg,normal
segment_0776_0001.jpg,normal
segment_0777_0001.jpg,normal
segment_0778_0001.jpg,bad_guy
segment_0779_0001.jpg,bad_guy
segment_0780_0001.jpg,bad_guy
segment_0781_0001.jpg,bad_guy
segment_0782_0001.jpg,bad_guy
segment_0783_0001.jpg,normal
segment_0784_0001.jpg,bad_guy
segment_0785_0001.jpg,normal
segment_0786_0001.jpg,bad_guy
segment_0787_0001.jpg,bad_guy
segment_0788_0001.jpg,bad_guy
segment_0789_0001.jpg,bad_guy
segment_0790_0001.jpg,bad_guy
segment_0791_0001.jpg,bad_guy
segment_0792_0001.jpg,normal
segment_0793_0001.jpg,normal
segment_0794_0001.jpg,normal
segment_0795_0001.jpg,normal
segment_0796_0001.jpg,bad_guy
segment_0797_0001.jpg,bad_guy
segment_0798_0001.jpg,normal
segment_0799_0001.jpg,normal
segment_0800_0001.jpg,normal
segment_0801_0001.jpg,normal
segment_0802_0001.jpg,bad_guy
segment_0803_0001.jpg,bad_guy
segment_0804_0001.jpg,bad_guy
segment_0805_0001.jpg,bad_guy
segment_0806_0001.jpg,bad_guy
segment_0807_0001.jpg,bad_guy
segment_0808_0001.jpg,bad_guy
segment_0809_0001.jpg,bad_guy
segment_0810_0001.jpg,normal
segment_0811_0001.jpg,normal
segment_0812_0001.jpg,normal
segment_0813_0001.jpg,normal
segment_0814_0001.jpg,bad_guy
segment_0815_0001.jpg,bad_guy
segment_0816_0001.jpg,normal
segment_0817_0001.jpg,bad_guy
segment_0818_0001.jpg,bad_guy
segment_0819_0001.jpg,bad_guy
segment_0820_0001.jpg,normal
segment_0821_0001.jpg,bad_guy
segment_0822_0001.jpg,normal
segment_0823_0001.jpg,bad_guy
segment_0824_0001.jpg,normal
segment_0825_0001.jpg,normal
segment_0826_0001.jpg,normal
segment_0827_0001.jpg,bad_guy
segment_0828_0001.jpg,bad_guy
segment_0829_0001.jpg,bad_guy
segment_0830_0001.jpg,normal
segment_0831_0001.jpg,normal
segment_0832_0001.jpg,normal
segment_0833_0001.jpg,bad_guy
segment_0834_0001.jpg,bad_guy
segment_0835_0001.jpg,bad_guy
segment_0836_0001.jpg,normal
segment_0837_0001.jpg,normal
segment_0838_0001.jpg,normal
segment_0839_0001.jpg,normal
segment_0840_0001.jpg,normal
segment_0841_0001.jpg,normal
segment_0842_0001.jpg,bad_guy
segment_0843_0001.jpg,normal
segment_0844_0001.jpg,normal
segment_0845_0001.jpg,normal
segment_0846_0001.jpg,normal
segment_0847_0001.jpg,normal
segment_0848_0001.jpg,normal
segment_0849_0001.jpg,normal
segment_0850_0001.jpg,normal
segment_0851_0001.jpg,normal
segment_0852_0001.jpg,normal
segment_0853_0001.jpg,normal
segment_0854_0001.jpg,normal
segment_0855_0001.jpg,bad_guy
segment_0856_0001.jpg,bad_guy
segment_0857_0001.jpg,normal
segment_0858_0001.jpg,normal
segment_0859_0001.jpg,normal
segment_0860_0001.jpg,normal
segment_0861_0001.jpg,normal
segment_0862_0001.jpg,bad_guy
segment_0863_0001.jpg,normal
segment_0864_0001.jpg,normal
segment_0865_0001.jpg,normal
segment_0866_0001.jpg,normal
segment_0867_0001.jpg,bad_guy
segment_0868_0001.jpg,bad_guy
segment_0869_0001.jpg,normal
segment_0870_0001.jpg,normal
segment_0871_0001.jpg,normal
segment_0872_0001.jpg,normal
segment_0873_0001.jpg,normal
segment_0874_0001.jpg,normal
segment_0875_0001.jpg,bad_guy
segment_0876_0001.jpg,bad_guy
segment_0877_0001.jpg,bad_guy
segment_0878_0001.jpg,normal
segment_0879_0001.jpg,normal
segment_0880_0001.jpg,normal
segment_0881_0001.jpg,normal
segment_0882_0001.jpg,normal
segment_0883_0001.jpg,normal
segment_0884_0001.jpg,normal
segment_0885_0001.jpg,normal
segment_0886_0001.jpg,bad_guy
segment_0887_0001.jpg,bad_guy
segment_0888_0001.jpg,normal
segment_0889_0001.jpg,normal
segment_0890_0001.jpg,normal
segment_0891_0001.jpg,bad_guy
segment_0892_0001.jpg,normal
segment_0893_0001.jpg,normal
segment_0894_0001.jpg,normal
segment_0895_0001.jpg,normal
segment_0896_0001.jpg,bad_guy
segment_0897_0001.jpg,bad_guy
segment_0898_0001.jpg,bad_guy
segment_0899_0001.jpg,bad_guy
segment_0900_0001.jpg,bad_guy
segment_0901_0001.jpg,bad_guy
segment_0902_0001.jpg,bad_guy
segment_0903_0001.jpg,normal
segment_0904_0001.jpg,normal
segment_0905_0001.jpg,normal
segment_0906_0001.jpg,normal
segment_0907_0001.jpg,bad_guy
segment_0908_0001.jpg,bad_guy
segment_0909_0001.jpg,bad_guy
segment_0910_0001.jpg,normal
segment_0911_0001.jpg,normal
segment_0912_0001.jpg,bad_guy
segment_0913_0001.jpg,normal
segment_0914_0001.jpg,normal
segment_0915_0001.jpg,normal
segment_0916_0001.jpg,normal
segment_0917_0001.jpg,normal
segment_0918_0001.jpg,bad_guy
segment_0919_0001.jpg,bad_guy
segment_0920_0001.jpg,bad_guy
segment_0921_0001.jpg,bad_guy
segment_0922_0001.jpg,bad_guy
segment_0923_0001.jpg,normal
segment_0924_0001.jpg,normal
segment_0925_0001.jpg,bad_guy
segment_0926_0001.jpg,normal
segment_0927_0001.jpg,normal
segment_0928_0001.jpg,normal
segment_0929_0001.jpg,bad_guy
segment_0930_0001.jpg,normal
segment_0931_0001.jpg,bad_guy
segment_0932_0001.jpg,normal
segment_0933_0001.jpg,normal
segment_0934_0001.jpg,normal
segment_0935_0001.jpg,bad_guy
segment_0936_0001.jpg,bad_guy
segment_0937_0001.jpg,bad_guy
segment_0938_0001.jpg,normal
segment_0939_0001.jpg,normal
segment_0940_0001.jpg,bad_guy
segment_0941_0001.jpg,bad_guy
segment_0942_0001.jpg,bad_guy
segment_0943_0001.jpg,bad_guy
segment_0944_0001.jpg,bad_guy
segment_0945_0001.jpg,bad_guy
segment_0946_0001.jpg,bad_guy
segment_0947_0001.jpg,normal
segment_0948_0001.jpg,normal
segment_0949_0001.jpg,normal
segment_0950_0001.jpg,normal
segment_0951_0001.jpg,normal
segment_0952_0001.jpg,normal
segment_0953_0001.jpg,normal
segment_0954_0001.jpg,normal
segment_0955_0001.jpg,normal
segment_0956_0001.jpg,bad_guy
segment_0957_0001.jpg,normal
segment_0958_0001.jpg,normal
segment_0959_0001.jpg,normal
segment_0960_0001.jpg,normal
segment_0961_0001.jpg,bad_guy
segment_0962_0001.jpg,bad_guy
segment_0963_0001.jpg,normal
segment_0964_0001.jpg,bad_guy
segment_0965_0001.jpg,normal
segment_0966_0001.jpg,normal
segment_0967_0001.jpg,bad_guy
segment_0968_0001.jpg,bad_guy
segment_0969_0001.jpg,normal
segment_0970_0001.jpg,normal
segment_0971_0001.jpg,bad_guy
segment_0972_0001.jpg,normal
segment_0973_0001.jpg,normal
segment_0974_0001.jpg,normal
segment_0975_0001.jpg,normal
segment_0976_0001.jpg,normal
segment_0977_0001.jpg,normal
segment_0978_0001.jpg,normal
segment_0979_0001.jpg,normal
segment_0980_0001.jpg,bad_guy
segment_0981_0001.jpg,bad_guy
segment_0982_0001.jpg,bad_guy
segment_0983_0001.jpg,normal
segment_0984_0001.jpg,normal
segment_0985_0001.jpg,normal
segment_0986_0001.jpg,normal
segment_0987_0001.jpg,normal
segment_0988_0001.jpg,normal
segment_0989_0001.jpg,normal
segment_0990_0001.jpg,normal
segment_0991_0001.jpg,normal
segment_0992_0001.jpg,normal
segment_0993_0001.jpg,normal
segment_0994_0001.jpg,normal
segment_0995_0001.jpg,normal
segment_0996_0001.jpg,normal
segment_0997_0001.jpg,bad_guy
segment_0998_0001.jpg,normal
segment_0999_0001.jpg,normal
segment_1000_0001.jpg,bad_guy
segment_1001_0001.jpg,bad_guy
segment_1002_0001.jpg,normal
segment_1003_0001.jpg,normal
segment_1004_0001.jpg,normal
segment_1005_0001.jpg,normal
segment_1006_0001.jpg,bad_guy
segment_1007_0001.jpg,normal
segment_1008_0001.jpg,normal
segment_1009_0001.jpg,normal
segment_1010_0001.jpg,normal
segment_1011_0001.jpg,normal
segment_1012_0001.jpg,normal
segment_1013_0001.jpg,normal
segment_1014_0001.jpg,normal
segment_1015_0001.jpg,normal
segment_1016_0001.jpg,normal
segment_1017_0001.jpg,normal
segment_1018_0001.jpg,vehicle
segment_1019_0001.jpg,normal
segment_1020_0001.jpg,normal
segment_1021_0001.jpg,normal
segment_1022_0001.jpg,normal
segment_1023_0001.jpg,normal
segment_1024_0001.jpg,normal
segment_1025_0001.jpg,bad_guy
segment_1026_0001.jpg,normal
segment_1027_0001.jpg,normal
segment_1028_0001.jpg,bad_guy
segment_1029_0001.jpg,normal
segment_1030_0001.jpg,normal
segment_1031_0001.jpg,normal
segment_1032_0001.jpg,normal
segment_1033_0001.jpg,bad_guy
segment_1034_0001.jpg,bad_guy
segment_1035_0001.jpg,normal
segment_1036_0001.jpg,normal
segment_1037_0001.jpg,normal
segment_1038_0001.jpg,normal
segment_1039_0001.jpg,normal
segment_1040_0001.jpg,normal
segment_1041_0001.jpg,normal
segment_1042_0001.jpg,normal
segment_1043_0001.jpg,normal
segment_1044_0001.jpg,normal
segment_1045_0001.jpg,normal
segment_1046_0001.jpg,bad_guy
segment_1047_0001.jpg,normal
segment_1048_0001.jpg,normal
segment_1049_0001.jpg,normal
segment_1050_0001.jpg,bad_guy
segment_1051_0001.jpg,normal
segment_1052_0001.jpg,normal
segment_1053_0001.jpg,bad_guy
segment_1054_0001.jpg,bad_guy
segment_1055_0001.jpg,normal
segment_1056_0001.jpg,normal
segment_1057_0001.jpg,normal
segment_1058_0001.jpg,bad_guy
segment_1059_0001.jpg,normal
segment_1060_0001.jpg,bad_guy
segment_1061_0001.jpg,bad_guy
segment_1062_0001.jpg,normal
segment_1063_0001.jpg,normal
segment_1064_0001.jpg,normal
segment_1065_0001.jpg,normal
segment_1066_0001.jpg,normal
segment_1067_0001.jpg,normal
segment_1068_0001.jpg,normal
segment_1069_0001.jpg,normal
segment_1070_0001.jpg,normal
segment_1071_0001.jpg,normal
segment_1072_0001.jpg,normal
segment_1073_0001.jpg,normal
segment_1074_0001.jpg,normal
segment_1075_0001.jpg,bad_guy
segment_1076_0001.jpg,normal
segment_1077_0001.jpg,normal
segment_1078_0001.jpg,bad_guy
segment_1079_0001.jpg,normal
segment_1080_0001.jpg,normal
segment_1081_0001.jpg,normal
segment_1082_0001.jpg,normal
segment_1083_0001.jpg,normal
segment_1084_0001.jpg,normal
segment_1085_0001.jpg,normal
segment_1086_0001.jpg,bad_guy
segment_1087_0001.jpg,normal
segment_1088_0001.jpg,normal
segment_1089_0001.jpg,normal
segment_1090_0001.jpg,normal
segment_1091_0001.jpg,normal
segment_1092_0001.jpg,bad_guy
segment_1093_0001.jpg,normal
segment_1094_0001.jpg,normal
segment_1095_0001.jpg,bad_guy
segment_1096_0001.jpg,normal
segment_1097_0001.jpg,normal
segment_1098_0001.jpg,normal
segment_1099_0001.jpg,normal
segment_1100_0001.jpg,normal
segment_1101_0001.jpg,bad_guy
segment_1102_0001.jpg,bad_guy
segment_1103_0001.jpg,bad_guy
segment_1104_0001.jpg,bad_guy
segment_1105_0001.jpg,bad_guy
segment_1106_0001.jpg,bad_guy
segment_1107_0001.jpg,bad_guy
segment_1108_0001.jpg,normal
segment_1109_0001.jpg,normal
segment_1110_0001.jpg,normal
segment_1111_0001.jpg,normal
segment_1112_0001.jpg,bad_guy
segment_1113_0001.jpg,bad_guy
segment_1114_0001.jpg,bad_guy
segment_1115_0001.jpg,normal
segment_1116_0001.jpg,normal
segment_1117_0001.jpg,bad_guy
segment_1118_0001.jpg,normal
segment_1119_0001.jpg,normal
segment_1120_0001.jpg,normal
segment_1121_0001.jpg,normal
segment_1122_0001.jpg,bad_guy
segment_1123_0001.jpg,bad_guy
segment_1124_0001.jpg,bad_guy
segment_1125_0001.jpg,bad_guy
segment_1126_0001.jpg,normal
segment_1127_0001.jpg,bad_guy
segment_1128_0001.jpg,normal
segment_1129_0001.jpg,normal
segment_1130_0001.jpg,bad_guy
segment_1131_0001.jpg,bad_guy
segment_1132_0001.jpg,bad_guy
segment_1133_0001.jpg,normal
segment_1134_0001.jpg,bad_guy
segment_1135_0001.jpg,normal
segment_1136_0001.jpg,bad_guy
segment_1137_0001.jpg,normal
segment_1138_0001.jpg,normal
segment_1139_0001.jpg,bad_guy
segment_1140_0001.jpg,normal
segment_1141_0001.jpg,normal
segment_1142_0001.jpg,normal
segment_1143_0001.jpg,normal
segment_1144_0001.jpg,normal
segment_1145_0001.jpg,normal
segment_1146_0001.jpg,normal
segment_1147_0001.jpg,bad_guy
segment_1148_0001.jpg,normal
segment_1149_0001.jpg,normal
segment_1150_0001.jpg,normal
segment_1151_0001.jpg,normal
segment_1152_0001.jpg,normal
segment_1153_0001.jpg,normal
segment_1154_0001.jpg,bad_guy
segment_1155_0001.jpg,bad_guy
segment_1156_0001.jpg,normal
segment_1157_0001.jpg,normal
segment_1158_0001.jpg,bad_guy
segment_1159_0001.jpg,normal
segment_1160_0001.jpg,normal
segment_1161_0001.jpg,normal
segment_1162_0001.jpg,normal
segment_1163_0001.jpg,normal
segment_1164_0001.jpg,normal
segment_1165_0001.jpg,normal
segment_1166_0001.jpg,normal
segment_1167_0001.jpg,normal
segment_1168_0001.jpg,normal
segment_1169_0001.jpg,normal
segment_1170_0001.jpg,normal
segment_1171_0001.jpg,normal
segment_1172_0001.jpg,normal
segment_1173_0001.jpg,bad_guy
segment_1174_0001.jpg,bad_guy
segment_1175_0001.jpg,bad_guy
segment_1176_0001.jpg,normal
segment_1177_0001.jpg,normal
segment_1178_0001.jpg,normal
segment_1179_0001.jpg,normal
segment_1180_0001.jpg,normal
segment_1181_0001.jpg,normal
segment_1182_0001.jpg,normal
segment_1183_0001.jpg,bad_guy
segment_1184_0001.jpg,normal
segment_1185_0001.jpg,bad_guy
segment_1186_0001.jpg,normal
segment_1187_0001.jpg,bad_guy
segment_1188_0001.jpg,normal
segment_1189_0001.jpg,normal
segment_1190_0001.jpg,normal
segment_1191_0001.jpg,normal
segment_1192_0001.jpg,normal
segment_1193_0001.jpg,normal
segment_1194_0001.jpg,bad_guy
segment_1195_0001.jpg,normal
segment_1196_0001.jpg,normal
segment_1197_0001.jpg,normal
segment_1198_0001.jpg,normal
segment_1199_0001.jpg,bad_guy
segment_1200_0001.jpg,bad_guy
segment_1201_0001.jpg,normal
segment_1202_0001.jpg,normal
segment_1203_0001.jpg,normal
segment_1204_0001.jpg,normal
segment_1205_0001.jpg,normal
segment_1206_0001.jpg,bad_guy
segment_1207_0001.jpg,normal
segment_1208_0001.jpg,normal
segment_1209_0001.jpg,normal
segment_1210_0001.jpg,normal
segment_1211_0001.jpg,bad_guy
segment_1212_0001.jpg,bad_guy
segment_1213_0001.jpg,normal
segment_1214_0001.jpg,normal
segment_1215_0001.jpg,normal
segment_1216_0001.jpg,normal
segment_1217_0001.jpg,normal
segment_1218_0001.jpg,normal
segment_1219_0001.jpg,bad_guy
segment_1220_0001.jpg,bad_guy
segment_1221_0001.jpg,normal
segment_1222_0001.jpg,normal
segment_1223_0001.jpg,normal
segment_1224_0001.jpg,normal
segment_1225_0001.jpg,normal
segment_1226_0001.jpg,bad_guy
segment_1227_0001.jpg,bad_guy
segment_1228_0001.jpg,bad_guy
segment_1229_0001.jpg,normal
segment_1230_0001.jpg,normal
segment_1231_0001.jpg,normal
segment_1232_0001.jpg,bad_guy
segment_1233_0001.jpg,normal
segment_1234_0001.jpg,normal
segment_1235_0001.jpg,normal
segment_1236_0001.jpg,normal
segment_1237_0001.jpg,normal
segment_1238_0001.jpg,normal
segment_1239_0001.jpg,normal
segment_1240_0001.jpg,bad_guy
segment_1241_0001.jpg,bad_guy
segment_1242_0001.jpg,normal
segment_1243_0001.jpg,bad_guy
segment_1244_0001.jpg,normal
segment_1245_0001.jpg,bad_guy
segment_1246_0001.jpg,normal
segment_1247_0001.jpg,normal
segment_1248_0001.jpg,normal
segment_1249_0001.jpg,vehicle
segment_1250_0001.jpg,bad_guy
segment_1251_0001.jpg,normal
segment_1252_0001.jpg,normal
segment_1253_0001.jpg,normal
segment_1254_0001.jpg,bad_guy
segment_1255_0001.jpg,normal
segment_1256_0001.jpg,normal
segment_1257_0001.jpg,normal
segment_1258_0001.jpg,normal
segment_1259_0001.jpg,normal
segment_1260_0001.jpg,normal
segment_1261_0001.jpg,normal
segment_1262_0001.jpg,normal
segment_1263_0001.jpg,normal
segment_1264_0001.jpg,normal
segment_1265_0001.jpg,bad_guy
segment_1266_0001.jpg,normal
segment_1267_0001.jpg,normal
segment_1268_0001.jpg,normal
segment_1269_0001.jpg,normal
segment_1270_0001.jpg,normal
segment_1271_0001.jpg,normal
segment_1272_0001.jpg,normal
segment_1273_0001.jpg,normal
segment_1274_0001.jpg,bad_guy
segment_1275_0001.jpg,bad_guy
segment_1276_0001.jpg,normal
segment_1277_0001.jpg,normal
segment_1278_0001.jpg,normal
segment_1279_0001.jpg,normal
segment_1280_0001.jpg,bad_guy
segment_1281_0001.jpg,normal
segment_1282_0001.jpg,normal
segment_1283_0001.jpg,bad_guy
segment_1284_0001.jpg,normal
segment_1285_0001.jpg,bad_guy
segment_1286_0001.jpg,normal
segment_1287_0001.jpg,normal
segment_1288_0001.jpg,normal
segment_1289_0001.jpg,normal
segment_1290_0001.jpg,normal
segment_1291_0001.jpg,normal
segment_1292_0001.jpg,normal
segment_1293_0001.jpg,normal
segment_1294_0001.jpg,normal
segment_1295_0001.jpg,normal
segment_1296_0001.jpg,normal
segment_1297_0001.jpg,normal
segment_1298_0001.jpg,normal
segment_1299_0001.jpg,normal
segment_1300_0001.jpg,normal
segment_1301_0001.jpg,normal
segment_1302_0001.jpg,normal
segment_1303_0001.jpg,bad_guy
segment_1304_0001.jpg,normal
segment_1305_0001.jpg,normal
segment_1306_0001.jpg,normal
segment_1307_0001.jpg,normal
segment_1308_0001.jpg,normal
segment_1309_0001.jpg,normal
segment_1310_0001.jpg,normal
segment_1311_0001.jpg,normal
segment_1312_0001.jpg,normal
segment_1313_0001.jpg,normal
segment_1314_0001.jpg,normal
segment_1315_0001.jpg,normal
segment_1316_0001.jpg,bad_guy
segment_1317_0001.jpg,bad_guy
segment_1318_0001.jpg,bad_guy
segment_1319_0001.jpg,bad_guy
segment_1320_0001.jpg,normal
segment_1321_0001.jpg,normal
segment_1322_0001.jpg,normal
segment_1323_0001.jpg,normal
segment_1324_0001.jpg,normal
segment_1325_0001.jpg,bad_guy
segment_1326_0001.jpg,normal
segment_1327_0001.jpg,normal
segment_1328_0001.jpg,normal
segment_1329_0001.jpg,normal
segment_1330_0001.jpg,bad_guy
segment_1331_0001.jpg,bad_guy
segment_1332_0001.jpg,bad_guy
segment_1333_0001.jpg,normal
segment_1334_0001.jpg,normal
segment_1335_0001.jpg,normal
segment_1336_0001.jpg,normal
segment_1337_0001.jpg,normal
segment_1338_0001.jpg,normal
segment_1339_0001.jpg,normal
segment_1340_0001.jpg,normal
segment_1341_0001.jpg,normal
segment_1342_0001.jpg,normal
segment_1343_0001.jpg,normal
segment_1344_0001.jpg,normal
segment_1345_0001.jpg,normal
segment_1346_0001.jpg,normal
segment_1347_0001.jpg,normal
segment_1348_0001.jpg,normal
segment_1349_0001.jpg,vehicle
segment_1350_0001.jpg,normal
segment_1351_0001.jpg,normal
segment_1352_0001.jpg,normal
segment_1353_0001.jpg,normal
segment_1354_0001.jpg,normal
segment_1355_0001.jpg,normal
segment_1356_0001.jpg,normal
segment_1357_0001.jpg,normal
segment_1358_0001.jpg,normal
segment_1359_0001.jpg,normal
segment_1360_0001.jpg,normal
segment_1361_0001.jpg,normal
segment_1362_0001.jpg,normal
segment_1363_0001.jpg,normal
segment_1364_0001.jpg,normal
segment_1365_0001.jpg,normal
segment_1366_0001.jpg,normal
segment_1367_0001.jpg,normal
segment_1368_0001.jpg,normal
segment_1369_0001.jpg,normal
segment_1370_0001.jpg,bad_guy
segment_1371_0001.jpg,bad_guy
segment_1372_0001.jpg,bad_guy
segment_1373_0001.jpg,normal
segment_1374_0001.jpg,normal
segment_1375_0001.jpg,bad_guy
segment_1376_0001.jpg,bad_guy
segment_1377_0001.jpg,bad_guy
segment_1378_0001.jpg,bad_guy
segment_1379_0001.jpg,bad_guy
segment_1380_0001.jpg,bad_guy
segment_1381_0001.jpg,normal
segment_1382_0001.jpg,normal
segment_1383_0001.jpg,normal
segment_1384_0001.jpg,normal
segment_1385_0001.jpg,normal
segment_1386_0001.jpg,normal
segment_1387_0001.jpg,normal
segment_1388_0001.jpg,normal
segment_1389_0001.jpg,normal
segment_1390_0001.jpg,normal
segment_1391_0001.jpg,bad_guy
segment_1392_0001.jpg,normal
segment_1393_0001.jpg,bad_guy
segment_1394_0001.jpg,bad_guy
segment_1395_0001.jpg,normal
segment_1396_0001.jpg,normal
segment_1397_0001.jpg,normal
segment_1398_0001.jpg,normal
segment_1399_0001.jpg,normal
segment_1400_0001.jpg,normal
segment_1401_0001.jpg,normal
segment_1402_0001.jpg,normal
segment_1403_0001.jpg,normal
segment_1404_0001.jpg,normal
segment_1405_0001.jpg,normal
segment_1406_0001.jpg,normal
segment_1407_0001.jpg,normal
segment_1408_0001.jpg,normal
segment_1409_0001.jpg,normal
segment_1410_0001.jpg,normal
segment_1411_0001.jpg,normal
segment_1412_0001.jpg,normal
segment_1413_0001.jpg,bad_guy
segment_1414_0001.jpg,normal
segment_1415_0001.jpg,normal
segment_1416_0001.jpg,normal
segment_1417_0001.jpg,normal
segment_1418_0001.jpg,normal
segment_1419_0001.jpg,normal
segment_1420_0001.jpg,normal
segment_1421_0001.jpg,normal
segment_1422_0001.jpg,normal
segment_1423_0001.jpg,normal
segment_1424_0001.jpg,normal
segment_1425_0001.jpg,normal
segment_1426_0001.jpg,normal
segment_1427_0001.jpg,bad_guy
segment_1428_0001.jpg,normal
segment_1429_0001.jpg,normal
segment_1430_0001.jpg,normal
segment_1431_0001.jpg,normal
segment_1432_0001.jpg,normal
segment_1433_0001.jpg,normal
segment_1434_0001.jpg,normal
segment_1435_0001.jpg,normal
segment_1436_0001.jpg,normal
segment_1437_0001.jpg,normal
segment_1438_0001.jpg,normal
segment_1439_0001.jpg,normal
segment_1440_0001.jpg,bad_guy
segment_1441_0001.jpg,normal
segment_1442_0001.jpg,normal
segment_1443_0001.jpg,normal
segment_1444_0001.jpg,normal
segment_1445_0001.jpg,normal
segment_1446_0001.jpg,normal
segment_1447_0001.jpg,normal
segment_1448_0001.jpg,normal
segment_1449_0001.jpg,normal
segment_1450_0001.jpg,normal
segment_1451_0001.jpg,normal
segment_1452_0001.jpg,normal
segment_1453_0001.jpg,normal
segment_1454_0001.jpg,normal
segment_1455_0001.jpg,normal
segment_1456_0001.jpg,normal
segment_1457_0001.jpg,normal
segment_1458_0001.jpg,normal
segment_1459_0001.jpg,normal
segment_1460_0001.jpg,normal
segment_1461_0001.jpg,normal
segment_1462_0001.jpg,normal
segment_1463_0001.jpg,normal
segment_1464_0001.jpg,bad_guy
segment_1465_0001.jpg,normal
segment_1466_0001.jpg,bad_guy
segment_1467_0001.jpg,normal
segment_1468_0001.jpg,normal
segment_1469_0001.jpg,normal
segment_1470_0001.jpg,normal
segment_1471_0001.jpg,normal
segment_1472_0001.jpg,normal
segment_1473_0001.jpg,normal
segment_1474_0001.jpg,normal
segment_1475_0001.jpg,normal
segment_1476_0001.jpg,normal
segment_1477_0001.jpg,normal
segment_1478_0001.jpg,normal
segment_1479_0001.jpg,normal
segment_1480_0001.jpg,normal
segment_1481_0001.jpg,normal
segment_1482_0001.jpg,normal
segment_1483_0001.jpg,normal
segment_1484_0001.jpg,normal
segment_1485_0001.jpg,normal
segment_1486_0001.jpg,normal
segment_1487_0001.jpg,normal
segment_1488_0001.jpg,normal
segment_1489_0001.jpg,normal
segment_1490_0001.jpg,normal
segment_1491_0001.jpg,normal
segment_1492_0001.jpg,normal
segment_1493_0001.jpg,normal
segment_1494_0001.jpg,normal
segment_1495_0001.jpg,normal
segment_1496_0001.jpg,normal
segment_1497_0001.jpg,normal
segment_1498_0001.jpg,normal
segment_1499_0001.jpg,normal
segment_1500_0001.jpg,normal
segment_1501_0001.jpg,normal
segment_1502_0001.jpg,normal
segment_1503_0001.jpg,normal
segment_1504_0001.jpg,normal
segment_1505_0001.jpg,normal
segment_1506_0001.jpg,normal
segment_1507_0001.jpg,normal
segment_1508_0001.jpg,normal
segment_1509_0001.jpg,normal
segment_1510_0001.jpg,normal
segment_1511_0001.jpg,normal
segment_1512_0001.jpg,normal
segment_1513_0001.jpg,normal
segment_1514_0001.jpg,normal
segment_1515_0001.jpg,normal
segment_1516_0001.jpg,normal
segment_1517_0001.jpg,normal
segment_1518_0001.jpg,normal
segment_1519_0001.jpg,normal
segment_1520_0001.jpg,normal
segment_1521_0001.jpg,normal
segment_1522_0001.jpg,normal
segment_1523_0001.jpg,normal
segment_1524_0001.jpg,vehicle
segment_1525_0001.jpg,normal
segment_1526_0001.jpg,normal
segment_1527_0001.jpg,normal
segment_1528_0001.jpg,bad_guy
segment_1529_0001.jpg,bad_guy
segment_1530_0001.jpg,bad_guy
segment_1531_0001.jpg,bad_guy
segment_1532_0001.jpg,bad_guy
segment_1533_0001.jpg,bad_guy
segment_1534_0001.jpg,bad_guy
segment_1535_0001.jpg,bad_guy
segment_1536_0001.jpg,bad_guy
segment_1537_0001.jpg,bad_guy
segment_1538_0001.jpg,bad_guy
segment_1539_0001.jpg,bad_guy
segment_1540_0001.jpg,bad_guy
segment_1541_0001.jpg,bad_guy
segment_1542_0001.jpg,bad_guy
segment_1543_0001.jpg,bad_guy
segment_1544_0001.jpg,bad_guy
segment_1545_0001.jpg,bad_guy
segment_1546_0001.jpg,bad_guy
segment_1547_0001.jpg,bad_guy
segment_1548_0001.jpg,bad_guy
segment_1549_0001.jpg,bad_guy
segment_1550_0001.jpg,bad_guy
segment_1551_0001.jpg,bad_guy
segment_1552_0001.jpg,bad_guy
segment_1553_0001.jpg,bad_guy
segment_1554_0001.jpg,bad_guy
segment_1555_0001.jpg,normal
segment_1556_0001.jpg,bad_guy
segment_1557_0001.jpg,bad_guy
segment_1558_0001.jpg,vehicle
segment_1559_0001.jpg,bad_guy
segment_1560_0001.jpg,normal
segment_1561_0001.jpg,vehicle
segment_1562_0001.jpg,normal
segment_1563_0001.jpg,bad_guy
segment_1564_0001.jpg,normal
segment_1565_0001.jpg,normal
segment_1566_0001.jpg,normal
segment_1567_0001.jpg,normal
segment_1568_0001.jpg,normal
segment_1569_0001.jpg,vehicle
segment_1570_0001.jpg,normal
segment_1571_0001.jpg,normal
segment_1572_0001.jpg,normal
segment_1573_0001.jpg,normal
segment_1574_0001.jpg,normal
segment_1575_0001.jpg,normal
segment_1576_0001.jpg,normal
segment_1577_0001.jpg,normal
segment_1578_0001.jpg,normal
segment_1579_0001.jpg,normal
segment_1580_0001.jpg,normal
segment_1581_0001.jpg,normal
segment_1582_0001.jpg,normal
segment_1583_0001.jpg,normal
segment_1584_0001.jpg,normal
segment_1585_0001.jpg,normal
segment_1586_0001.jpg,normal
segment_1587_0001.jpg,normal
segment_1588_0001.jpg,normal
segment_1589_0001.jpg,normal
segment_1590_0001.jpg,normal
segment_1591_0001.jpg,normal
segment_1592_0001.jpg,normal
